store_id,city,name,title,price,price_raw,regular_price,regular_price_raw,liquidation_price,liquidation_price_raw,sale_price,sale_price_raw,liquidation,url,link,image,image_url,product_id,sku,sku_formatted,availability,badges,discount_percent,price_sale_clean,price_original_clean
47,"Huntsville, ON","Service de vaisselle en porcelaine festonnée CANVAS Odessa, blanc, paq. 12","Service de vaisselle en porcelaine festonnée CANVAS Odessa, blanc, paq. 12",39.93,"39,93 $",79.99,"Était±  79,99 $prix était 79,99 $",39.93,"39,93 $",39.93,"39,93 $",true,https://www.canadiantire.ca/fr/pdp/service-de-vaisselle-en-porcelaine-festonnee-canvas-odessa-blanc-paq-12-2421125p.html,https://www.canadiantire.ca/fr/pdp/service-de-vaisselle-en-porcelaine-festonnee-canvas-odessa-blanc-paq-12-2421125p.html,https://media-www.canadiantire.ca/product/living/kitchen/dining-and-entertaining/2421125/canvas-12-pc-scalloped-porcelain-dinnerware-set-ee9e4e35-9ab4-4375-aacf-2b058a08cc90-jpgrendition.jpg?im=whresize&wid=200&hei=200,https://media-www.canadiantire.ca/product/living/kitchen/dining-and-entertaining/2421125/canvas-12-pc-scalloped-porcelain-dinnerware-set-ee9e4e35-9ab4-4375-aacf-2b058a08cc90-jpgrendition.jpg?im=whresize&wid=200&hei=200,,2421125,242-1125-2,Il n’en reste que 1 #242-1125-2,Liquidation◊Mieux notés,50.08,"39,93","79,99"
47,"Huntsville, ON",Aspirateur sans fil de déchets secs/humides tout-en-un et appareil de nettoyage de planchers durs Bissell CrossWave OmniFind Pet Pro,Aspirateur sans fil de déchets secs/humides tout-en-un et appareil de nettoyage de planchers durs Bissell CrossWave OmniFind Pet Pro,179.93,"179,93 $",379.99,"Était±  379,99 $prix était 379,99 $",179.93,"179,93 $",179.93,"179,93 $",true,https://www.canadiantire.ca/fr/pdp/aspirateur-sans-fil-de-dechets-secs-humides-tout-en-un-et-appareil-de-nettoyage-de-planchers-durs-bissell-crosswave-omnifind-pet-pro-0437233p.html,https://www.canadiantire.ca/fr/pdp/aspirateur-sans-fil-de-dechets-secs-humides-tout-en-un-et-appareil-de-nettoyage-de-planchers-durs-bissell-crosswave-omnifind-pet-pro-0437233p.html,https://media-www.canadiantire.ca/product/living/cleaning/vacuums-and-floorcare/0437233/bissell-omnifind-petpro-hard-floor-wet-cleaner-a8a44b1c-d6db-472c-a2a7-50098c512b75-jpgrendition.jpg?im=whresize&wid=200&hei=200,https://media-www.canadiantire.ca/product/living/cleaning/vacuums-and-floorcare/0437233/bissell-omnifind-petpro-hard-floor-wet-cleaner-a8a44b1c-d6db-472c-a2a7-50098c512b75-jpgrendition.jpg?im=whresize&wid=200&hei=200,,0437233,043-7233-2,Il n’en reste que 2 #043-7233-2,Liquidation◊Exclusivité,52.65,"179,93","379,99"
47,"Huntsville, ON","Scie circulaire DEWALT DCS512B XTREME 12 V MAX, lithium-ion, sans fil, 5-3/8 po, outil seulement","Scie circulaire DEWALT DCS512B XTREME 12 V MAX, lithium-ion, sans fil, 5-3/8 po, outil seulement",97.99,"97,99 $",219.99,"Était±  219,99 $prix était 219,99 $",97.99,"97,99 $",97.99,"97,99 $",true,https://www.canadiantire.ca/fr/pdp/scie-circulaire-dewalt-dcs512b-xtreme-12-v-max-lithium-ion-sans-fil-5-3-8-po-outil-seulement-0548766p.html,https://www.canadiantire.ca/fr/pdp/scie-circulaire-dewalt-dcs512b-xtreme-12-v-max-lithium-ion-sans-fil-5-3-8-po-outil-seulement-0548766p.html,https://media-www.canadiantire.ca/product/fixing/tools/portable-power-tools/0548766/dewalt-12v-5-3-8-circular-saw-bt-714f5bc1-3aa5-4ff3-89d4-ce193d20ec19-jpgrendition.jpg?im=whresize&wid=200&hei=200,https://media-www.canadiantire.ca/product/fixing/tools/portable-power-tools/0548766/dewalt-12v-5-3-8-circular-saw-bt-714f5bc1-3aa5-4ff3-89d4-ce193d20ec19-jpgrendition.jpg?im=whresize&wid=200&hei=200,,0548766,054-8766-2,Il n’en reste que 2 #054-8766-2,Liquidation◊,55.46,"97,99","219,99"
47,"Huntsville, ON",Aspirateur-robot Shark Navigator Spot Lidar,Aspirateur-robot Shark Navigator Spot Lidar,199.93,"199,93 $",399.99,"Était±  399,99 $prix était 399,99 $",199.93,"199,93 $",199.93,"199,93 $",true,https://www.canadiantire.ca/fr/pdp/aspirateur-robot-shark-navigator-spot-lidar-0439617p.html,https://www.canadiantire.ca/fr/pdp/aspirateur-robot-shark-navigator-spot-lidar-0439617p.html,https://media-www.canadiantire.ca/product/living/cleaning/vacuums-and-floorcare/0439617/shark-navigator-spot-lidar-robotic-vac-0da3fe11-906d-4be8-9ef1-35c7a6f4dccf-jpgrendition.jpg?im=whresize&wid=200&hei=200,https://media-www.canadiantire.ca/product/living/cleaning/vacuums-and-floorcare/0439617/shark-navigator-spot-lidar-robotic-vac-0da3fe11-906d-4be8-9ef1-35c7a6f4dccf-jpgrendition.jpg?im=whresize&wid=200&hei=200,,0439617,043-9617-8,Il n’en reste que 1 #043-9617-8,Liquidation◊Mieux notés,50.02,"199,93","399,99"
47,"Huntsville, ON","Support à pneus à tablette réglable MotoMaster, capacité de 300 lb","Support à pneus à tablette réglable MotoMaster, capacité de 300 lb",33.93,"33,93 $",74.99,"Était±  74,99 $prix était 74,99 $",33.93,"33,93 $",33.93,"33,93 $",true,https://www.canadiantire.ca/fr/pdp/support-a-pneus-a-tablette-reglable-motomaster-capacite-de-300-lb-0091537p.html,https://www.canadiantire.ca/fr/pdp/support-a-pneus-a-tablette-reglable-motomaster-capacite-de-300-lb-0091537p.html,https://media-www.canadiantire.ca/product/automotive/auto-maintenance/auto-shop-equipment-supplies/0091537/motomaster-adjustable-tire-storage-shelves-797f8bda-21ae-4374-ab65-dfc1341fe0c4-jpgrendition.jpg?im=whresize&wid=200&hei=200,https://media-www.canadiantire.ca/product/automotive/auto-maintenance/auto-shop-equipment-supplies/0091537/motomaster-adjustable-tire-storage-shelves-797f8bda-21ae-4374-ab65-dfc1341fe0c4-jpgrendition.jpg?im=whresize&wid=200&hei=200,,0091537,009-1537-0,Il n’en reste que 2 #009-1537-0,Liquidation◊Exclusivité,54.75,"33,93","74,99"
47,"Huntsville, ON","Système de chasse-neige Kolpin Switchblade 17-0000 pour VTT, 48 à 60 po","Système de chasse-neige Kolpin Switchblade 17-0000 pour VTT, 48 à 60 po",259.93,"259,93 $",539.99,"Était±  539,99 $prix était 539,99 $",259.93,"259,93 $",259.93,"259,93 $",true,https://www.canadiantire.ca/fr/pdp/systeme-de-chasse-neige-kolpin-switchblade-17-0000-pour-vtt-48-a-60-po-0278190p.html,https://www.canadiantire.ca/fr/pdp/systeme-de-chasse-neige-kolpin-switchblade-17-0000-pour-vtt-48-a-60-po-0278190p.html,https://media-www.canadiantire.ca/product/automotive/automotive-outdoor-adventure/powersport/0278190/kolpin-switchblade-atv-snow-plow-52354734-5dda-4ae2-b6c8-873c986b6c5e-jpgrendition.jpg?im=whresize&wid=200&hei=200,https://media-www.canadiantire.ca/product/automotive/automotive-outdoor-adventure/powersport/0278190/kolpin-switchblade-atv-snow-plow-52354734-5dda-4ae2-b6c8-873c986b6c5e-jpgrendition.jpg?im=whresize&wid=200&hei=200,,0278190,027-8190-6,12 En Stock#027-8190-6,Liquidation◊Mieux notés,51.86,"259,93","539,99"
47,"Huntsville, ON","Bibliothèque à cadre en métal à 5 niveaux avec rangement CANVAS Robson, fini chêne","Bibliothèque à cadre en métal à 5 niveaux avec rangement CANVAS Robson, fini chêne",139.93,"139,93 $",349.99,"Était±  349,99 $prix était 349,99 $",139.93,"139,93 $",139.93,"139,93 $",true,https://www.canadiantire.ca/fr/pdp/bibliotheque-a-cadre-en-metal-a-5-niveaux-avec-rangement-canvas-robson-fini-chene-1680047p.html,https://www.canadiantire.ca/fr/pdp/bibliotheque-a-cadre-en-metal-a-5-niveaux-avec-rangement-canvas-robson-fini-chene-1680047p.html,https://media-www.canadiantire.ca/product/living/home-decor/furniture/1680047/canvas-robson-wide-bookcase-cc404526-7e49-447a-b2ad-88a6bd2c5a81-jpgrendition.jpg?im=whresize&wid=200&hei=200,https://media-www.canadiantire.ca/product/living/home-decor/furniture/1680047/canvas-robson-wide-bookcase-cc404526-7e49-447a-b2ad-88a6bd2c5a81-jpgrendition.jpg?im=whresize&wid=200&hei=200,,1680047,168-0047-2,Il n’en reste que 1 #168-0047-2,Liquidation◊Mieux notés,60.02,"139,93","349,99"
47,"Huntsville, ON",Huitre à enfourcher flottante gonflable pour lac,Huitre à enfourcher flottante gonflable pour lac,25.99,"25,99 $",99.99,"Était±  99,99 $prix était 99,99 $",25.99,"25,99 $",25.99,"25,99 $",true,https://www.canadiantire.ca/fr/pdp/huitre-a-enfourcher-flottante-gonflable-pour-lac-0791411p.html,https://www.canadiantire.ca/fr/pdp/huitre-a-enfourcher-flottante-gonflable-pour-lac-0791411p.html,https://media-www.canadiantire.ca/product/playing/seasonal-recreation/marine-water-fun/0791411/clamshell-lake-inflatable-84c224b6-f74f-43cb-add7-f18aa0e52402-jpgrendition.jpg?im=whresize&wid=200&hei=200,https://media-www.canadiantire.ca/product/playing/seasonal-recreation/marine-water-fun/0791411/clamshell-lake-inflatable-84c224b6-f74f-43cb-add7-f18aa0e52402-jpgrendition.jpg?im=whresize&wid=200&hei=200,,0791411,079-1411-0,Il n’en reste que 5 #079-1411-0,Liquidation◊,74.01,"25,99","99,99"
47,"Huntsville, ON","Station d'outils rotatifs Mastercraft 20 V, 40 pièces, compatible avec PWR POD","Station d'outils rotatifs Mastercraft 20 V, 40 pièces, compatible avec PWR POD",39.93,"39,93 $",89.99,"Était±  89,99 $prix était 89,99 $",39.93,"39,93 $",39.93,"39,93 $",true,https://www.canadiantire.ca/fr/pdp/station-d-outils-rotatifs-mastercraft-20-v-40-pieces-compatible-avec-pwr-pod-0548721p.html,https://www.canadiantire.ca/fr/pdp/station-d-outils-rotatifs-mastercraft-20-v-40-pieces-compatible-avec-pwr-pod-0548721p.html,https://media-www.canadiantire.ca/product/fixing/tools/portable-power-tools/0548721/mastercraft-20v-rotary-tool-station-22992854-82d3-4dcf-aea2-5bbe62ded2ae-jpgrendition.jpg?im=whresize&wid=200&hei=200,https://media-www.canadiantire.ca/product/fixing/tools/portable-power-tools/0548721/mastercraft-20v-rotary-tool-station-22992854-82d3-4dcf-aea2-5bbe62ded2ae-jpgrendition.jpg?im=whresize&wid=200&hei=200,,0548721,054-8721-8,Il n’en reste que 1 #054-8721-8,Liquidation◊Mieux notés,55.63,"39,93","89,99"
47,"Huntsville, ON","Bibliothèque étroite à cadre en métal à 4 niveaux avec porte de rangement CANVAS Robson, fini chêne","Bibliothèque étroite à cadre en métal à 4 niveaux avec porte de rangement CANVAS Robson, fini chêne",119.93,"119,93 $",299.99,"Était±  299,99 $prix était 299,99 $",119.93,"119,93 $",119.93,"119,93 $",true,https://www.canadiantire.ca/fr/pdp/bibliotheque-etroite-a-cadre-en-metal-a-4-niveaux-avec-porte-de-rangement-canvas-robson-fini-chene-1680046p.html,https://www.canadiantire.ca/fr/pdp/bibliotheque-etroite-a-cadre-en-metal-a-4-niveaux-avec-porte-de-rangement-canvas-robson-fini-chene-1680046p.html,https://media-www.canadiantire.ca/product/living/home-decor/furniture/1680046/canvas-robson-narrow-bookcase-e1615183-0b8a-49f9-8dc3-0a09bf7290ad-jpgrendition.jpg?im=whresize&wid=200&hei=200,https://media-www.canadiantire.ca/product/living/home-decor/furniture/1680046/canvas-robson-narrow-bookcase-e1615183-0b8a-49f9-8dc3-0a09bf7290ad-jpgrendition.jpg?im=whresize&wid=200&hei=200,,1680046,168-0046-4,Il n’en reste que 1 #168-0046-4,Liquidation◊Articles à succès,60.02,"119,93","299,99"
47,"Huntsville, ON","Sac banane/Sac de taille pour hanche/épaule Outbound avec sangle ajustable, choix varié, 2 l","Sac banane/Sac de taille pour hanche/épaule Outbound avec sangle ajustable, choix varié, 2 l",4.93,"4,93 $",9.99,"Était±  9,99 $prix était 9,99 $",4.93,"4,93 $",4.93,"4,93 $",true,https://www.canadiantire.ca/fr/pdp/sac-banane-sac-de-taille-pour-hanche-epaule-outbound-avec-sangle-ajustable-choix-varie-2-l-0766195p.html,https://www.canadiantire.ca/fr/pdp/sac-banane-sac-de-taille-pour-hanche-epaule-outbound-avec-sangle-ajustable-choix-varie-2-l-0766195p.html,https://media-www.canadiantire.ca/product/playing/camping/backpacks-luggage-accessories/0766195/outbound-hip-pack-27a2088e-6a32-45e0-ab5f-bf6f9f92e327-jpgrendition.jpg?im=whresize&wid=200&hei=200,https://media-www.canadiantire.ca/product/playing/camping/backpacks-luggage-accessories/0766195/outbound-hip-pack-27a2088e-6a32-45e0-ab5f-bf6f9f92e327-jpgrendition.jpg?im=whresize&wid=200&hei=200,,0766195,076-6195-0,Il n’en reste que 1 #076-6195-0,Liquidation◊Mieux notés,50.65,"4,93","9,99"
47,"Huntsville, ON","Lampe à faisceau large à DEL Mastercraft, 1500 lumens, compatible PWR POD","Lampe à faisceau large à DEL Mastercraft, 1500 lumens, compatible PWR POD",31.93,"31,93 $",119.99,"Était±  119,99 $prix était 119,99 $",31.93,"31,93 $",31.93,"31,93 $",true,https://www.canadiantire.ca/fr/pdp/lampe-a-faisceau-large-a-del-mastercraft-1500-lumens-compatible-pwr-pod-0372969p.html,https://www.canadiantire.ca/fr/pdp/lampe-a-faisceau-large-a-del-mastercraft-1500-lumens-compatible-pwr-pod-0372969p.html,https://media-www.canadiantire.ca/product/automotive/car-care-accessories/auto-accessories/0372969/mastercraft-1500-lumens-spotlight-pwr-pod-compatible-363c7083-04a4-4a37-b863-da8214fd1958-jpgrendition.jpg?im=whresize&wid=200&hei=200,https://media-www.canadiantire.ca/product/automotive/car-care-accessories/auto-accessories/0372969/mastercraft-1500-lumens-spotlight-pwr-pod-compatible-363c7083-04a4-4a37-b863-da8214fd1958-jpgrendition.jpg?im=whresize&wid=200&hei=200,,0372969,037-2969-8,Il n’en reste que 2 #037-2969-8,Liquidation◊Mieux notés,73.39,"31,93","119,99"
47,"Huntsville, ON","Ciseaux à prise confortable pour enfants de Merangue, pointe arrondie, couleurs variées, 5 po, paq. 2","Ciseaux à prise confortable pour enfants de Merangue, pointe arrondie, couleurs variées, 5 po, paq. 2",1.93,"1,93 $",3.99,"Était±  3,99 $prix était 3,99 $",1.93,"1,93 $",1.93,"1,93 $",true,https://www.canadiantire.ca/fr/pdp/ciseaux-a-prise-confortable-pour-enfants-de-merangue-pointe-arrondie-couleurs-variees-5-po-paq-2-1420189p.html,https://www.canadiantire.ca/fr/pdp/ciseaux-a-prise-confortable-pour-enfants-de-merangue-pointe-arrondie-couleurs-variees-5-po-paq-2-1420189p.html,https://media-www.canadiantire.ca/product/seasonal-gardening/toys/home-office-supplies/1420189/5-inch-scissors-2-pack-202ee474-b695-4995-8070-a8b862e0e850-jpgrendition.jpg?im=whresize&wid=200&hei=200,https://media-www.canadiantire.ca/product/seasonal-gardening/toys/home-office-supplies/1420189/5-inch-scissors-2-pack-202ee474-b695-4995-8070-a8b862e0e850-jpgrendition.jpg?im=whresize&wid=200&hei=200,,1420189,142-0189-4,Il n’en reste que 1 #142-0189-4,Liquidation◊Mieux notés,51.63,"1,93","3,99"
47,"Huntsville, ON",Garde-robe compacte Canvas,Garde-robe compacte Canvas,174.93,"174,93 $",349.99,"Était±  349,99 $prix était 349,99 $",174.93,"174,93 $",174.93,"174,93 $",true,https://www.canadiantire.ca/fr/pdp/garde-robe-compacte-canvas-1680204p.html,https://www.canadiantire.ca/fr/pdp/garde-robe-compacte-canvas-1680204p.html,https://media-www.canadiantire.ca/product/living/home-decor/furniture/1680204/canvas-slim-wardrobe-98f1ed6a-144b-4f67-a348-6ea6f35a5649-jpgrendition.jpg?im=whresize&wid=200&hei=200,https://media-www.canadiantire.ca/product/living/home-decor/furniture/1680204/canvas-slim-wardrobe-98f1ed6a-144b-4f67-a348-6ea6f35a5649-jpgrendition.jpg?im=whresize&wid=200&hei=200,,1680204,168-0204-8,Il n’en reste que 1 #168-0204-8,Liquidation◊Exclusivité,50.02,"174,93","349,99"
47,"Huntsville, ON",Ensemble d'accessoires pour chariot Woods avec support à glacière pliable et filet,Ensemble d'accessoires pour chariot Woods avec support à glacière pliable et filet,34.93,"34,93 $",69.99,"Était±  69,99 $prix était 69,99 $",34.93,"34,93 $",34.93,"34,93 $",true,https://www.canadiantire.ca/fr/pdp/ensemble-d-accessoires-pour-chariot-woods-avec-support-a-glaciere-pliable-et-filet-0766822p.html,https://www.canadiantire.ca/fr/pdp/ensemble-d-accessoires-pour-chariot-woods-avec-support-a-glaciere-pliable-et-filet-0766822p.html,https://media-www.canadiantire.ca/product/playing/camping/camping-furniture/0766822/wds-wagon-acc-kit-e987721d-a395-4f7b-b807-bea9668847cf-jpgrendition.jpg?im=whresize&wid=200&hei=200,https://media-www.canadiantire.ca/product/playing/camping/camping-furniture/0766822/wds-wagon-acc-kit-e987721d-a395-4f7b-b807-bea9668847cf-jpgrendition.jpg?im=whresize&wid=200&hei=200,,0766822,076-6822-8,Il n’en reste que 1 #076-6822-8,Liquidation◊Mieux notés,50.09,"34,93","69,99"
47,"Huntsville, ON","Pergola modulaire CANVAS Horizon, extérieur et patio, 10 x 10 pi","Pergola modulaire CANVAS Horizon, extérieur et patio, 10 x 10 pi",599.93,"599,93 $",1199.99,"Était±  1 199,99 $prix était 1 199,99 $",599.93,"599,93 $",599.93,"599,93 $",true,https://www.canadiantire.ca/fr/pdp/pergola-modulaire-canvas-horizon-exterieur-et-patio-10-x-10-pi-1880240p.html,https://www.canadiantire.ca/fr/pdp/pergola-modulaire-canvas-horizon-exterieur-et-patio-10-x-10-pi-1880240p.html,https://media-www.canadiantire.ca/product/seasonal-gardening/backyard-living/outdoor-furniture/1880240/canvas-horizon-10-x-10-modular-pergola-036babcc-70d8-48f1-b1f2-73666688de06-jpgrendition.jpg?im=whresize&wid=200&hei=200,https://media-www.canadiantire.ca/product/seasonal-gardening/backyard-living/outdoor-furniture/1880240/canvas-horizon-10-x-10-modular-pergola-036babcc-70d8-48f1-b1f2-73666688de06-jpgrendition.jpg?im=whresize&wid=200&hei=200,,1880240,188-0240-2,Il n’en reste que 3 #188-0240-2,Liquidation◊Exclusivité,50.01,"599,93","1199,99"
47,"Huntsville, ON","Bibliothèque à 2 niveaux et 3 tiroirs pour rangement et présentation CANVAS Copenhagen, blanc","Bibliothèque à 2 niveaux et 3 tiroirs pour rangement et présentation CANVAS Copenhagen, blanc",124.93,"124,93 $",249.99,"Était±  249,99 $prix était 249,99 $",124.93,"124,93 $",124.93,"124,93 $",true,https://www.canadiantire.ca/fr/pdp/bibliotheque-a-2-niveaux-et-3-tiroirs-pour-rangement-et-presentation-canvas-copenhagen-blanc-1680002p.html,https://www.canadiantire.ca/fr/pdp/bibliotheque-a-2-niveaux-et-3-tiroirs-pour-rangement-et-presentation-canvas-copenhagen-blanc-1680002p.html,https://media-www.canadiantire.ca/product/living/home-decor/furniture/1680002/canvas-copenhagen-2-shelf-bookcase-with-3-drawers-white-c62a249f-ff8f-4a89-a69c-e1cb36cb860e-jpgrendition.jpg?im=whresize&wid=200&hei=200,https://media-www.canadiantire.ca/product/living/home-decor/furniture/1680002/canvas-copenhagen-2-shelf-bookcase-with-3-drawers-white-c62a249f-ff8f-4a89-a69c-e1cb36cb860e-jpgrendition.jpg?im=whresize&wid=200&hei=200,,1680002,168-0002-8,Il n’en reste que 2 #168-0002-8,Liquidation◊Exclusivité,50.03,"124,93","249,99"
47,"Huntsville, ON","Meuble pour téléviseur avec foyer électrique multimédia CANVAS Lotus, 67 po, 1 500 W, télécommande comprise, brun","Meuble pour téléviseur avec foyer électrique multimédia CANVAS Lotus, 67 po, 1 500 W, télécommande comprise, brun",274.93,"274,93 $",549.99,"Était±  549,99 $prix était 549,99 $",274.93,"274,93 $",274.93,"274,93 $",true,https://www.canadiantire.ca/fr/pdp/meuble-pour-televiseur-avec-foyer-electrique-multimedia-canvas-lotus-67-po-1-500-w-telecommande-comprise-brun-0643590p.html,https://www.canadiantire.ca/fr/pdp/meuble-pour-televiseur-avec-foyer-electrique-multimedia-canvas-lotus-67-po-1-500-w-telecommande-comprise-brun-0643590p.html,https://media-www.canadiantire.ca/product/living/home-decor/electric-fireplaces/0643590/masterflame-lotus-fireplace-aa87f256-c025-40e6-b060-d1a987f18559-jpgrendition.jpg?im=whresize&wid=200&hei=200,https://media-www.canadiantire.ca/product/living/home-decor/electric-fireplaces/0643590/masterflame-lotus-fireplace-aa87f256-c025-40e6-b060-d1a987f18559-jpgrendition.jpg?im=whresize&wid=200&hei=200,,0643590,064-3590-4,Il n’en reste que 1 #064-3590-4,Liquidation◊Exclusivité,50.01,"274,93","549,99"
47,"Huntsville, ON","Foyer électrique CANVAS Marseille, 54 po, 1 400 W, comprend une télécommande, blanc","Foyer électrique CANVAS Marseille, 54 po, 1 400 W, comprend une télécommande, blanc",349.93,"349,93 $",699.99,"Était±  699,99 $prix était 699,99 $",349.93,"349,93 $",349.93,"349,93 $",true,https://www.canadiantire.ca/fr/pdp/foyer-electrique-canvas-marseille-54-po-1-400-w-comprend-une-telecommande-blanc-0643176p.html,https://www.canadiantire.ca/fr/pdp/foyer-electrique-canvas-marseille-54-po-1-400-w-comprend-une-telecommande-blanc-0643176p.html,https://media-www.canadiantire.ca/product/living/home-decor/electric-fireplaces/0643176/canvas-marseille-fireplace-fedce335-a386-471e-87b0-b3ad50097466-jpgrendition.jpg?im=whresize&wid=200&hei=200,https://media-www.canadiantire.ca/product/living/home-decor/electric-fireplaces/0643176/canvas-marseille-fireplace-fedce335-a386-471e-87b0-b3ad50097466-jpgrendition.jpg?im=whresize&wid=200&hei=200,,0643176,064-3176-2,Il n’en reste que 1 #064-3176-2,Liquidation◊Mieux notés,50.01,"349,93","699,99"
47,"Huntsville, ON","Matelas de camping pliant pour chiens en tissu à carreaux Woods DOG-WOOD, 38,6 x 31,1 po, bleu","Matelas de camping pliant pour chiens en tissu à carreaux Woods DOG-WOOD, 38,6 x 31,1 po, bleu",19.93,"19,93 $",44.99,"Était±  44,99 $prix était 44,99 $",19.93,"19,93 $",19.93,"19,93 $",true,https://www.canadiantire.ca/fr/pdp/matelas-de-camping-pliant-pour-chiens-en-tissu-a-carreaux-woods-dog-wood-38-6-x-31-1-po-bleu-0766425p.html,https://www.canadiantire.ca/fr/pdp/matelas-de-camping-pliant-pour-chiens-en-tissu-a-carreaux-woods-dog-wood-38-6-x-31-1-po-bleu-0766425p.html,https://media-www.canadiantire.ca/product/playing/camping/camping-accessories/0766425/woods-dogwood-pet-bed-pad-1d52968b-4cbd-4ccb-a3b8-c0238af9c34c-jpgrendition.jpg?im=whresize&wid=200&hei=200,https://media-www.canadiantire.ca/product/playing/camping/camping-accessories/0766425/woods-dogwood-pet-bed-pad-1d52968b-4cbd-4ccb-a3b8-c0238af9c34c-jpgrendition.jpg?im=whresize&wid=200&hei=200,,0766425,076-6425-4,Il n’en reste que 1 #076-6425-4,Liquidation◊Mieux notés,55.7,"19,93","44,99"
47,"Huntsville, ON","Gilet de sauvetage/veste de flottaison de couleur néon pour chiens Petco, avec poignée, orange et bleu","Gilet de sauvetage/veste de flottaison de couleur néon pour chiens Petco, avec poignée, orange et bleu",5.99,"5,99 $",39.99,"39,99 $Était   et+ prix était à partir de 39,99 $",5.99,"5,99 $",5.99,"5,99 $",true,https://www.canadiantire.ca/fr/pdp/gilet-de-sauvetage-veste-de-flottaison-de-couleur-neon-pour-chiens-petco-avec-poignee-orange-et-bleu-1425050p.html,https://www.canadiantire.ca/fr/pdp/gilet-de-sauvetage-veste-de-flottaison-de-couleur-neon-pour-chiens-petco-avec-poignee-orange-et-bleu-1425050p.html,https://media-www.canadiantire.ca/product/living/pet-care/pet-accessories/1425050/petco-orange-and-blue-dog-flotation-vest-x-small-ad3d68cd-adb2-4524-9feb-c9cffd8cfc3c-jpgrendition.jpg?im=whresize&wid=200&hei=200,https://media-www.canadiantire.ca/product/living/pet-care/pet-accessories/1425050/petco-orange-and-blue-dog-flotation-vest-x-small-ad3d68cd-adb2-4524-9feb-c9cffd8cfc3c-jpgrendition.jpg?im=whresize&wid=200&hei=200,,1425050,142-5050,Vérifiez la disponibilité#142-5050X,Liquidation◊Mieux notés,85.02,"5,99","39,99"
47,"Huntsville, ON","Selle de vélo Raleigh Comfort, gel","Selle de vélo Raleigh Comfort, gel",4.99,"4,99 $",47.99,"Était±  47,99 $prix était 47,99 $",4.99,"4,99 $",4.99,"4,99 $",true,https://www.canadiantire.ca/fr/pdp/selle-de-velo-raleigh-comfort-gel-0733062p.html,https://www.canadiantire.ca/fr/pdp/selle-de-velo-raleigh-comfort-gel-0733062p.html,https://media-www.canadiantire.ca/product/playing/cycling/bicycle-accessories/0733062/raleigh-comfort-gel-saddle-06b0d8b2-671a-4f77-8e18-c52371f07958-jpgrendition.jpg?im=whresize&wid=200&hei=200,https://media-www.canadiantire.ca/product/playing/cycling/bicycle-accessories/0733062/raleigh-comfort-gel-saddle-06b0d8b2-671a-4f77-8e18-c52371f07958-jpgrendition.jpg?im=whresize&wid=200&hei=200,,0733062,073-3062-0,Il n’en reste que 1 #073-3062-0,Liquidation◊Mieux notés,89.6,"4,99","47,99"
47,"Huntsville, ON","Table à dîner haute d'extérieur/de jardin CANVAS Mercier avec dessus en verre trempé, noir","Table à dîner haute d'extérieur/de jardin CANVAS Mercier avec dessus en verre trempé, noir",47.99,"47,99 $",249.99,"Était±  249,99 $prix était 249,99 $",47.99,"47,99 $",47.99,"47,99 $",true,https://www.canadiantire.ca/fr/pdp/table-a-diner-haute-d-exterieur-de-jardin-canvas-mercier-avec-dessus-en-verre-trempe-noir-1880294p.html,https://www.canadiantire.ca/fr/pdp/table-a-diner-haute-d-exterieur-de-jardin-canvas-mercier-avec-dessus-en-verre-trempe-noir-1880294p.html,https://media-www.canadiantire.ca/product/seasonal-gardening/backyard-living/outdoor-furniture/1880294/canvas-mercier-high-dining-table-a1e4ede4-bd3b-4e48-b361-73188e8df24d-jpgrendition.jpg?im=whresize&wid=200&hei=200,https://media-www.canadiantire.ca/product/seasonal-gardening/backyard-living/outdoor-furniture/1880294/canvas-mercier-high-dining-table-a1e4ede4-bd3b-4e48-b361-73188e8df24d-jpgrendition.jpg?im=whresize&wid=200&hei=200,,1880294,188-0294-4,Il n’en reste que 3 #188-0294-4,Liquidation◊Exclusivité,80.8,"47,99","249,99"
47,"Huntsville, ON","Foyer électrique à montage mural Napoleon avec Bluetooth, 50 po, 1 500 W, télécommande comprise, noir","Foyer électrique à montage mural Napoleon avec Bluetooth, 50 po, 1 500 W, télécommande comprise, noir",299.93,"299,93 $",599.99,"Était±  599,99 $prix était 599,99 $",299.93,"299,93 $",299.93,"299,93 $",true,https://www.canadiantire.ca/fr/pdp/foyer-electrique-a-montage-mural-napoleon-avec-bluetooth-50-po-1-500-w-telecommande-comprise-noir-0644019p.html,https://www.canadiantire.ca/fr/pdp/foyer-electrique-a-montage-mural-napoleon-avec-bluetooth-50-po-1-500-w-telecommande-comprise-noir-0644019p.html,https://media-www.canadiantire.ca/product/living/home-decor/electric-fireplaces/0644019/napoleon-50-wall-mount-fireplace-with-bluetooth-7f341207-ab4a-41d0-a2fc-4c086c913816-jpgrendition.jpg?im=whresize&wid=200&hei=200,https://media-www.canadiantire.ca/product/living/home-decor/electric-fireplaces/0644019/napoleon-50-wall-mount-fireplace-with-bluetooth-7f341207-ab4a-41d0-a2fc-4c086c913816-jpgrendition.jpg?im=whresize&wid=200&hei=200,,0644019,064-4019-2,Il n’en reste que 2 #064-4019-2,Liquidation◊,50.01,"299,93","599,99"
47,"Huntsville, ON","Service de vaisselle à glaçure réactive CANVAS Colborne, paq. 16","Service de vaisselle à glaçure réactive CANVAS Colborne, paq. 16",44.99,"44,99 $",89.99,"Était±  89,99 $prix était 89,99 $",44.99,"44,99 $",44.99,"44,99 $",true,https://www.canadiantire.ca/fr/pdp/service-de-vaisselle-a-glacure-reactive-canvas-colborne-paq-16-1426345p.html,https://www.canadiantire.ca/fr/pdp/service-de-vaisselle-a-glacure-reactive-canvas-colborne-paq-16-1426345p.html,https://media-www.canadiantire.ca/product/living/kitchen/dining-and-entertaining/1426345/canvas-colborne-16pc-stoneware-set-73378dbf-ca56-48df-94e2-c0ab6d53f22e-jpgrendition.jpg?im=whresize&wid=200&hei=200,https://media-www.canadiantire.ca/product/living/kitchen/dining-and-entertaining/1426345/canvas-colborne-16pc-stoneware-set-73378dbf-ca56-48df-94e2-c0ab6d53f22e-jpgrendition.jpg?im=whresize&wid=200&hei=200,,1426345,142-6345-6,Il n’en reste que 5 #142-6345-6,Liquidation◊Mieux notés,50.01,"44,99","89,99"
47,"Huntsville, ON","Cache-maillot à FPS Outbound, femmes, bleu","Cache-maillot à FPS Outbound, femmes, bleu",12.93,"12,93 $",32.99,"32,99 $Était   et+ prix était à partir de 32,99 $",12.93,"12,93 $",12.93,"12,93 $",true,https://www.canadiantire.ca/fr/pdp/cache-maillot-a-fps-outbound-femmes-bleu-1873987p.html,https://www.canadiantire.ca/fr/pdp/cache-maillot-a-fps-outbound-femmes-bleu-1873987p.html,https://media-www.canadiantire.ca/product/playing/footwear-apparel/summer-footwear-apparel/1874005/outbound-upf-kids-rashguard-top-youth-size-7-67896ae5-4060-4016-b0d8-d49d7fc21597-jpgrendition.jpg?im=whresize&wid=200&hei=200,https://media-www.canadiantire.ca/product/playing/footwear-apparel/summer-footwear-apparel/1874005/outbound-upf-kids-rashguard-top-youth-size-7-67896ae5-4060-4016-b0d8-d49d7fc21597-jpgrendition.jpg?im=whresize&wid=200&hei=200,,1873987,187-3987,Vérifiez la disponibilité#187-3987X,Liquidation◊Mieux notés,60.81,"12,93","32,99"
47,"Huntsville, ON",Ouvre-boîte Vida par PADERNO,Ouvre-boîte Vida par PADERNO,10.99,"10,99 $",21.99,"21,99 $Était   et+ prix était à partir de 21,99 $",10.99,"10,99 $",10.99,"10,99 $",true,https://www.canadiantire.ca/fr/pdp/ouvre-boite-vida-par-paderno-2420297p.html,https://www.canadiantire.ca/fr/pdp/ouvre-boite-vida-par-paderno-2420297p.html,https://media-www.canadiantire.ca/product/living/kitchen/kitchen-tools-thermometers/2420298/vida-can-opener-matcha-a7bb0e56-2d10-423c-a233-7ccf2fc032bd-jpgrendition.jpg?im=whresize&wid=200&hei=200,https://media-www.canadiantire.ca/product/living/kitchen/kitchen-tools-thermometers/2420298/vida-can-opener-matcha-a7bb0e56-2d10-423c-a233-7ccf2fc032bd-jpgrendition.jpg?im=whresize&wid=200&hei=200,,2420297,242-0297,Vérifiez la disponibilité#242-0297X,Liquidation◊Mieux notés,50.02,"10,99","21,99"
47,"Huntsville, ON","Panier et filet de basketball extérieur Matrix avec support mural, 44 po","Panier et filet de basketball extérieur Matrix avec support mural, 44 po",41.99,"41,99 $",179.99,"Était±  179,99 $prix était 179,99 $",41.99,"41,99 $",41.99,"41,99 $",true,https://www.canadiantire.ca/fr/pdp/panier-et-filet-de-basketball-exterieur-matrix-avec-support-mural-44-po-0844875p.html,https://www.canadiantire.ca/fr/pdp/panier-et-filet-de-basketball-exterieur-matrix-avec-support-mural-44-po-0844875p.html,https://media-www.canadiantire.ca/product/playing/team-sports-and-golf/sports-equipment-accessories/0844875/matrix-basketball-backboard-44--c961f502-c1f0-4ae5-a072-5ca9fff8a1cf-jpgrendition.jpg?im=whresize&wid=200&hei=200,https://media-www.canadiantire.ca/product/playing/team-sports-and-golf/sports-equipment-accessories/0844875/matrix-basketball-backboard-44--c961f502-c1f0-4ae5-a072-5ca9fff8a1cf-jpgrendition.jpg?im=whresize&wid=200&hei=200,,0844875,084-4875-4,Il n’en reste que 1 #084-4875-4,Liquidation◊Exclusivité,76.67,"41,99","179,99"
47,"Huntsville, ON","Applique de salle de bains à 2 lampes CANVAS Fuller, nickel poli","Applique de salle de bains à 2 lampes CANVAS Fuller, nickel poli",14.99,"14,99 $",99.99,"Était±  99,99 $prix était 99,99 $",14.99,"14,99 $",14.99,"14,99 $",true,https://www.canadiantire.ca/fr/pdp/applique-de-salle-de-bains-a-2-lampes-canvas-fuller-nickel-poli-1522616p.html,https://www.canadiantire.ca/fr/pdp/applique-de-salle-de-bains-a-2-lampes-canvas-fuller-nickel-poli-1522616p.html,https://media-www.canadiantire.ca/product/living/home-decor/lighting/1522616/canvas-fuller-vanity-light-9e91c4b8-15eb-400f-b483-11893653d266-jpgrendition.jpg?im=whresize&wid=200&hei=200,https://media-www.canadiantire.ca/product/living/home-decor/lighting/1522616/canvas-fuller-vanity-light-9e91c4b8-15eb-400f-b483-11893653d266-jpgrendition.jpg?im=whresize&wid=200&hei=200,,1522616,152-2616-2,18 En Stock#152-2616-2,Liquidation◊Exclusivité,85.01,"14,99","99,99"
47,"Huntsville, ON","Banc pliant à dossier Outbound pour 4 personnes, gris","Banc pliant à dossier Outbound pour 4 personnes, gris",50.99,"50,99 $",109.99,"Était±  109,99 $prix était 109,99 $",50.99,"50,99 $",50.99,"50,99 $",true,https://www.canadiantire.ca/fr/pdp/banc-pliant-a-dossier-outbound-pour-4-personnes-gris-0766407p.html,https://www.canadiantire.ca/fr/pdp/banc-pliant-a-dossier-outbound-pour-4-personnes-gris-0766407p.html,https://media-www.canadiantire.ca/product/playing/camping/camping-furniture/0766407/outbound-4-person-quad-fold-bench-with-backrest-4756bfb5-0d11-4262-a4eb-7b34a2c6f5d0-jpgrendition.jpg?im=whresize&wid=200&hei=200,https://media-www.canadiantire.ca/product/playing/camping/camping-furniture/0766407/outbound-4-person-quad-fold-bench-with-backrest-4756bfb5-0d11-4262-a4eb-7b34a2c6f5d0-jpgrendition.jpg?im=whresize&wid=200&hei=200,,0766407,076-6407-8,Il n’en reste que 1 #076-6407-8,Liquidation◊Mieux notés,53.64,"50,99","109,99"
47,"Huntsville, ON","Lustre à 5 lampes CANVAS Carlaw, hauteur réglable, noir mat","Lustre à 5 lampes CANVAS Carlaw, hauteur réglable, noir mat",99.93,"99,93 $",249.99,"Était±  249,99 $prix était 249,99 $",99.93,"99,93 $",99.93,"99,93 $",true,https://www.canadiantire.ca/fr/pdp/lustre-a-5-lampes-canvas-carlaw-hauteur-reglable-noir-mat-1522603p.html,https://www.canadiantire.ca/fr/pdp/lustre-a-5-lampes-canvas-carlaw-hauteur-reglable-noir-mat-1522603p.html,https://media-www.canadiantire.ca/product/living/home-decor/lighting/1522603/canvas-carlaw-chandelier-ef5bf9bd-067d-4da3-a17e-a6a58e40ec10-jpgrendition.jpg?im=whresize&wid=200&hei=200,https://media-www.canadiantire.ca/product/living/home-decor/lighting/1522603/canvas-carlaw-chandelier-ef5bf9bd-067d-4da3-a17e-a6a58e40ec10-jpgrendition.jpg?im=whresize&wid=200&hei=200,,1522603,152-2603-2,Il n’en reste que 1 #152-2603-2,Liquidation◊Mieux notés,60.03,"99,93","249,99"
47,"Huntsville, ON","Chaise à dîner CANVAS Windsor, blanc","Chaise à dîner CANVAS Windsor, blanc",84.93,"84,93 $",169.99,"Était±  169,99 $prix était 169,99 $",84.93,"84,93 $",84.93,"84,93 $",true,https://www.canadiantire.ca/fr/pdp/chaise-a-diner-canvas-windsor-blanc-1680126p.html,https://www.canadiantire.ca/fr/pdp/chaise-a-diner-canvas-windsor-blanc-1680126p.html,https://media-www.canadiantire.ca/product/living/home-decor/furniture/1680126/canvas-windsor-white-dining-chair-308adadd-fff5-4b03-9585-49671be60cca-jpgrendition.jpg?im=whresize&wid=200&hei=200,https://media-www.canadiantire.ca/product/living/home-decor/furniture/1680126/canvas-windsor-white-dining-chair-308adadd-fff5-4b03-9585-49671be60cca-jpgrendition.jpg?im=whresize&wid=200&hei=200,,1680126,168-0126-4,Il n’en reste que 1 #168-0126-4,Liquidation◊Articles à succès,50.04,"84,93","169,99"
47,"Huntsville, ON","Table de soccer de table Ambassador, fini bois, 48 po","Table de soccer de table Ambassador, fini bois, 48 po",69.93,"69,93 $",169.99,"Était±  169,99 $prix était 169,99 $",69.93,"69,93 $",69.93,"69,93 $",true,https://www.canadiantire.ca/fr/pdp/table-de-soccer-de-table-ambassador-fini-bois-48-po-1840106p.html,https://www.canadiantire.ca/fr/pdp/table-de-soccer-de-table-ambassador-fini-bois-48-po-1840106p.html,https://media-www.canadiantire.ca/product/playing/team-sports-and-golf/sports-equipment-accessories/1840106/-48-foosball--7b2776e4-d562-4d02-bb52-ff449d124dde-jpgrendition.jpg?im=whresize&wid=200&hei=200,https://media-www.canadiantire.ca/product/playing/team-sports-and-golf/sports-equipment-accessories/1840106/-48-foosball--7b2776e4-d562-4d02-bb52-ff449d124dde-jpgrendition.jpg?im=whresize&wid=200&hei=200,,1840106,184-0106-2,Il n’en reste que 1 #184-0106-2,Liquidation◊,58.86,"69,93","169,99"
47,"Huntsville, ON","Pêne dormant électronique EZSET, noir mat","Pêne dormant électronique EZSET, noir mat",44.99,"44,99 $",104.99,"Était±  104,99 $prix était 104,99 $",44.99,"44,99 $",44.99,"44,99 $",true,https://www.canadiantire.ca/fr/pdp/pene-dormant-electronique-ezset-noir-mat-0463552p.html,https://www.canadiantire.ca/fr/pdp/pene-dormant-electronique-ezset-noir-mat-0463552p.html,https://media-www.canadiantire.ca/product/fixing/hardware/curb-appeal/0463552/ezset-electronic-dead-bolt-matt-black-525bd051-9543-442b-bdf9-129b04547ed3-jpgrendition.jpg?im=whresize&wid=200&hei=200,https://media-www.canadiantire.ca/product/fixing/hardware/curb-appeal/0463552/ezset-electronic-dead-bolt-matt-black-525bd051-9543-442b-bdf9-129b04547ed3-jpgrendition.jpg?im=whresize&wid=200&hei=200,,0463552,046-3552-0,Il n’en reste que 3 #046-3552-0,Liquidation◊Articles à succès,57.15,"44,99","104,99"
47,"Huntsville, ON",Range-accessoires de nettoyage léger de luxe Libman,Range-accessoires de nettoyage léger de luxe Libman,7.99,"7,99 $",17.99,"Était±  17,99 $prix était 17,99 $",7.99,"7,99 $",7.99,"7,99 $",true,https://www.canadiantire.ca/fr/pdp/range-accessoires-de-nettoyage-leger-de-luxe-libman-1425589p.html,https://www.canadiantire.ca/fr/pdp/range-accessoires-de-nettoyage-leger-de-luxe-libman-1425589p.html,https://media-www.canadiantire.ca/product/living/cleaning/household-cleaning-tools/1425589/libman-maid-caddy-08830775-26fc-4fae-917e-7da0149c2ca7-jpgrendition.jpg?im=whresize&wid=200&hei=200,https://media-www.canadiantire.ca/product/living/cleaning/household-cleaning-tools/1425589/libman-maid-caddy-08830775-26fc-4fae-917e-7da0149c2ca7-jpgrendition.jpg?im=whresize&wid=200&hei=200,,1425589,142-5589-2,27 En Stock#142-5589-2,Liquidation◊Mieux notés,55.59,"7,99","17,99"
47,"Huntsville, ON",Poire Vida par PADERNO,Poire Vida par PADERNO,1.99,"1,99 $",13.99,"Était±  13,99 $prix était 13,99 $",1.99,"1,99 $",1.99,"1,99 $",true,https://www.canadiantire.ca/fr/pdp/poire-vida-par-paderno-2420292p.html,https://www.canadiantire.ca/fr/pdp/poire-vida-par-paderno-2420292p.html,https://media-www.canadiantire.ca/product/living/kitchen/kitchen-tools-thermometers/2420292/vida-baster-peppercorn-grey-1e5862ad-a76e-4c77-b9e7-b0701c24c52c-jpgrendition.jpg?im=whresize&wid=200&hei=200,https://media-www.canadiantire.ca/product/living/kitchen/kitchen-tools-thermometers/2420292/vida-baster-peppercorn-grey-1e5862ad-a76e-4c77-b9e7-b0701c24c52c-jpgrendition.jpg?im=whresize&wid=200&hei=200,,2420292,242-0292-8,26 En Stock#242-0292-8,Liquidation◊Mieux notés,85.78,"1,99","13,99"
47,"Huntsville, ON",Récepteur Bluetooth à DIN simple Boss Audio Systems Elite BE7ACP-SD,Récepteur Bluetooth à DIN simple Boss Audio Systems Elite BE7ACP-SD,209.93,"209,93 $",524.99,"Était±  524,99 $prix était 524,99 $",209.93,"209,93 $",209.93,"209,93 $",true,https://www.canadiantire.ca/fr/pdp/recepteur-bluetooth-a-din-simple-boss-audio-systems-elite-be7acp-sd-0355582p.html,https://www.canadiantire.ca/fr/pdp/recepteur-bluetooth-a-din-simple-boss-audio-systems-elite-be7acp-sd-0355582p.html,https://media-www.canadiantire.ca/product/automotive/electronics/auto-electronics/0355582/boss-elite-be7acp-sd-single-din-bluetooth-receiver-5040f446-4bf6-45f1-bcfc-83c65b1222d6-jpgrendition.jpg?im=whresize&wid=200&hei=200,https://media-www.canadiantire.ca/product/automotive/electronics/auto-electronics/0355582/boss-elite-be7acp-sd-single-din-bluetooth-receiver-5040f446-4bf6-45f1-bcfc-83c65b1222d6-jpgrendition.jpg?im=whresize&wid=200&hei=200,,0355582,035-5582-2,Il n’en reste que 1 #035-5582-2,Liquidation◊,60.01,"209,93","524,99"
47,"Huntsville, ON","Tasse en grès CANVAS, Number One Fan, 13 oz","Tasse en grès CANVAS, Number One Fan, 13 oz",2.43,"2,43 $",5.49,"Était±  5,49 $prix était 5,49 $",2.43,"2,43 $",2.43,"2,43 $",true,https://www.canadiantire.ca/fr/pdp/tasse-en-gres-canvas-number-one-fan-13-oz-1427932p.html,https://www.canadiantire.ca/fr/pdp/tasse-en-gres-canvas-number-one-fan-13-oz-1427932p.html,https://media-www.canadiantire.ca/product/living/kitchen/kitchen-appliances/1427932/canvas-number-one-fan-mug-072d8a37-6a7e-4fe3-a113-da66a0c5b1ad-jpgrendition.jpg?im=whresize&wid=200&hei=200,https://media-www.canadiantire.ca/product/living/kitchen/kitchen-appliances/1427932/canvas-number-one-fan-mug-072d8a37-6a7e-4fe3-a113-da66a0c5b1ad-jpgrendition.jpg?im=whresize&wid=200&hei=200,,1427932,142-7932-2,Il n’en reste que 1 #142-7932-2,Liquidation◊Mieux notés,55.74,"2,43","5,49"
47,"Huntsville, ON","Pointe de mise à la terre en métal Brabantia pour séchoir rotatif compact et économique, 35 mm","Pointe de mise à la terre en métal Brabantia pour séchoir rotatif compact et économique, 35 mm",9.99,"9,99 $",24.99,"Était±  24,99 $prix était 24,99 $",9.99,"9,99 $",9.99,"9,99 $",true,https://www.canadiantire.ca/fr/pdp/pointe-de-mise-a-la-terre-en-metal-brabantia-pour-sechoir-rotatif-compact-et-economique-35-mm-0428858p.html,https://www.canadiantire.ca/fr/pdp/pointe-de-mise-a-la-terre-en-metal-brabantia-pour-sechoir-rotatif-compact-et-economique-35-mm-0428858p.html,https://media-www.canadiantire.ca/product/living/home-organization/laundry/0428858/brabantia-35mm-ground-spike-c7575ea7-d3df-4b1b-80aa-0ff014e580fb-jpgrendition.jpg?im=whresize&wid=200&hei=200,https://media-www.canadiantire.ca/product/living/home-organization/laundry/0428858/brabantia-35mm-ground-spike-c7575ea7-d3df-4b1b-80aa-0ff014e580fb-jpgrendition.jpg?im=whresize&wid=200&hei=200,,0428858,042-8858-2,Il n’en reste que 1 #042-8858-2,Liquidation◊Mieux notés,60.02,"9,99","24,99"
47,"Huntsville, ON","Assainisseur d'air rotatif pour bouche d'aération de véhicule California Scents, Newport New Car","Assainisseur d'air rotatif pour bouche d'aération de véhicule California Scents, Newport New Car",2.93,"2,93 $",5.99,"Était±  5,99 $prix était 5,99 $",2.93,"2,93 $",2.93,"2,93 $",true,https://www.canadiantire.ca/fr/pdp/assainisseur-d-air-rotatif-pour-bouche-d-aeration-de-vehicule-california-scents-newport-new-car-0372944p.html,https://www.canadiantire.ca/fr/pdp/assainisseur-d-air-rotatif-pour-bouche-d-aeration-de-vehicule-california-scents-newport-new-car-0372944p.html,https://media-www.canadiantire.ca/product/automotive/car-care-accessories/auto-accessories/0372944/california-scents-newport-new-car-spinner-air-freshener-1b8d3e8b-b908-411a-abbf-7bac29ff016c-jpgrendition.jpg?im=whresize&wid=200&hei=200,https://media-www.canadiantire.ca/product/automotive/car-care-accessories/auto-accessories/0372944/california-scents-newport-new-car-spinner-air-freshener-1b8d3e8b-b908-411a-abbf-7bac29ff016c-jpgrendition.jpg?im=whresize&wid=200&hei=200,,0372944,037-2944-6,Il n’en reste que 1 #037-2944-6,Liquidation◊Mieux notés,51.09,"2,93","5,99"
47,"Huntsville, ON",Support d'entraînement intérieur Saris Fluid 2,Support d'entraînement intérieur Saris Fluid 2,149.93,"149,93 $",479.99,"Était±  479,99 $prix était 479,99 $",149.93,"149,93 $",149.93,"149,93 $",true,https://www.canadiantire.ca/fr/pdp/support-d-entrainement-interieur-saris-fluid-2-0730527p.html,https://www.canadiantire.ca/fr/pdp/support-d-entrainement-interieur-saris-fluid-2-0730527p.html,https://media-www.canadiantire.ca/product/playing/cycling/bicycle-accessories/0730527/saris-fluid-2-bike-trainer-60efa614-a07b-4eeb-ad7e-06774673f8a0-jpgrendition.jpg?im=whresize&wid=200&hei=200,https://media-www.canadiantire.ca/product/playing/cycling/bicycle-accessories/0730527/saris-fluid-2-bike-trainer-60efa614-a07b-4eeb-ad7e-06774673f8a0-jpgrendition.jpg?im=whresize&wid=200&hei=200,,0730527,073-0527-4,Il n’en reste que 1 #073-0527-4,Liquidation◊,68.76,"149,93","479,99"
47,"Huntsville, ON","Carreaux muraux autoadhésifs peler et coller pour cuisine et salle de bain Smart Tiles, Milenza Vasto","Carreaux muraux autoadhésifs peler et coller pour cuisine et salle de bain Smart Tiles, Milenza Vasto",19.93,"19,93 $",39.99,"Était±  39,99 $prix était 39,99 $",19.93,"19,93 $",19.93,"19,93 $",true,https://www.canadiantire.ca/fr/pdp/carreaux-muraux-autoadhesifs-peler-et-coller-pour-cuisine-et-salle-de-bain-smart-tiles-milenza-vasto-0702238p.html,https://www.canadiantire.ca/fr/pdp/carreaux-muraux-autoadhesifs-peler-et-coller-pour-cuisine-et-salle-de-bain-smart-tiles-milenza-vasto-0702238p.html,https://media-www.canadiantire.ca/product/fixing/paint/paints/0702238/smart-tiles-peel-stick-milenza-vasto-f7dcc2f5-f1cd-4e23-871a-bc38907dfa4e-jpgrendition.jpg?im=whresize&wid=200&hei=200,https://media-www.canadiantire.ca/product/fixing/paint/paints/0702238/smart-tiles-peel-stick-milenza-vasto-f7dcc2f5-f1cd-4e23-871a-bc38907dfa4e-jpgrendition.jpg?im=whresize&wid=200&hei=200,,0702238,070-2238-6,Il n’en reste que 1 #070-2238-6,Liquidation◊Mieux notés,50.16,"19,93","39,99"
47,"Huntsville, ON","Ustensiles en acier inoxydable de barbecue Vida par PADERNO, paq. 10","Ustensiles en acier inoxydable de barbecue Vida par PADERNO, paq. 10",29.93,"29,93 $",59.99,"Était±  59,99 $prix était 59,99 $",29.93,"29,93 $",29.93,"29,93 $",true,https://www.canadiantire.ca/fr/pdp/ustensiles-en-acier-inoxydable-de-barbecue-vida-par-paderno-paq-10-0850009p.html,https://www.canadiantire.ca/fr/pdp/ustensiles-en-acier-inoxydable-de-barbecue-vida-par-paderno-paq-10-0850009p.html,https://media-www.canadiantire.ca/product/seasonal-gardening/backyard-living/outdoor-cooking-accessories/0850009/vida-10-pc-tool-set-dded168e-5365-4fad-9c6e-c82f8d022f4e-jpgrendition.jpg?im=whresize&wid=200&hei=200,https://media-www.canadiantire.ca/product/seasonal-gardening/backyard-living/outdoor-cooking-accessories/0850009/vida-10-pc-tool-set-dded168e-5365-4fad-9c6e-c82f8d022f4e-jpgrendition.jpg?im=whresize&wid=200&hei=200,,0850009,085-0009-0,Il n’en reste que 5 #085-0009-0,Liquidation◊Mieux notés,50.11,"29,93","59,99"
47,"Huntsville, ON",Support de plaque d'immatriculation pour repérage de véhicule AutoTrends,Support de plaque d'immatriculation pour repérage de véhicule AutoTrends,8.93,"8,93 $",19.99,"Était±  19,99 $prix était 19,99 $",8.93,"8,93 $",8.93,"8,93 $",true,https://www.canadiantire.ca/fr/pdp/support-de-plaque-d-immatriculation-pour-reperage-de-vehicule-autotrends-0372925p.html,https://www.canadiantire.ca/fr/pdp/support-de-plaque-d-immatriculation-pour-reperage-de-vehicule-autotrends-0372925p.html,https://media-www.canadiantire.ca/product/automotive/car-care-accessories/auto-accessories/0372925/autotrends-find-my-auto-license-plate-frame-41d8c2a3-7d2a-4373-8046-7d337eb238a9-jpgrendition.jpg?im=whresize&wid=200&hei=200,https://media-www.canadiantire.ca/product/automotive/car-care-accessories/auto-accessories/0372925/autotrends-find-my-auto-license-plate-frame-41d8c2a3-7d2a-4373-8046-7d337eb238a9-jpgrendition.jpg?im=whresize&wid=200&hei=200,,0372925,037-2925-2,Il n’en reste que 2 #037-2925-2,Liquidation◊Exclusivité,55.33,"8,93","19,99"
47,"Huntsville, ON",Adaptateur Android Ottocast sans fil,Adaptateur Android Ottocast sans fil,41.99,"41,99 $",139.99,"Était±  139,99 $prix était 139,99 $",41.99,"41,99 $",41.99,"41,99 $",true,https://www.canadiantire.ca/fr/pdp/adaptateur-android-ottocast-sans-fil-0355599p.html,https://www.canadiantire.ca/fr/pdp/adaptateur-android-ottocast-sans-fil-0355599p.html,https://media-www.canadiantire.ca/product/automotive/electronics/auto-electronics/0355599/ottocast-wireless-android-auto-adapter-5dfaec52-ba94-4890-b1b1-ebb502bc5f08-jpgrendition.jpg?im=whresize&wid=200&hei=200,https://media-www.canadiantire.ca/product/automotive/electronics/auto-electronics/0355599/ottocast-wireless-android-auto-adapter-5dfaec52-ba94-4890-b1b1-ebb502bc5f08-jpgrendition.jpg?im=whresize&wid=200&hei=200,,0355599,035-5599-4,Il n’en reste que 1 #035-5599-4,Liquidation◊,70.01,"41,99","139,99"
47,"Huntsville, ON",Sonnette intelligente hydrofuge sans fil Globe,Sonnette intelligente hydrofuge sans fil Globe,16.99,"16,99 $",49.99,"Était±  49,99 $prix était 49,99 $",16.99,"16,99 $",16.99,"16,99 $",true,https://www.canadiantire.ca/fr/pdp/sonnette-intelligente-hydrofuge-sans-fil-globe-0521769p.html,https://www.canadiantire.ca/fr/pdp/sonnette-intelligente-hydrofuge-sans-fil-globe-0521769p.html,https://media-www.canadiantire.ca/product/fixing/hardware/curb-appeal/0521769/smart-wireless-chime-kits-272fbb97-6efb-4d6a-9fc6-7c79a0b68ae2-jpgrendition.jpg?im=whresize&wid=200&hei=200,https://media-www.canadiantire.ca/product/fixing/hardware/curb-appeal/0521769/smart-wireless-chime-kits-272fbb97-6efb-4d6a-9fc6-7c79a0b68ae2-jpgrendition.jpg?im=whresize&wid=200&hei=200,,0521769,052-1769-2,Il n’en reste que 1 #052-1769-2,Liquidation◊,66.01,"16,99","49,99"
47,"Huntsville, ON","Barre lumineuse à DEL multicolore pour véhicule avec télécommande, 9 po","Barre lumineuse à DEL multicolore pour véhicule avec télécommande, 9 po",19.93,"19,93 $",44.99,"Était±  44,99 $prix était 44,99 $",19.93,"19,93 $",19.93,"19,93 $",true,https://www.canadiantire.ca/fr/pdp/barre-lumineuse-a-del-multicolore-pour-vehicule-avec-telecommande-9-po-0370732p.html,https://www.canadiantire.ca/fr/pdp/barre-lumineuse-a-del-multicolore-pour-vehicule-avec-telecommande-9-po-0370732p.html,https://media-www.canadiantire.ca/product/automotive/car-care-accessories/auto-accessories/0370732/9-multi-color-ultra-bright-light-strips-with-remote--ae200ed9-26a6-4111-8535-6b2f0b6f1a20-jpgrendition.jpg?im=whresize&wid=200&hei=200,https://media-www.canadiantire.ca/product/automotive/car-care-accessories/auto-accessories/0370732/9-multi-color-ultra-bright-light-strips-with-remote--ae200ed9-26a6-4111-8535-6b2f0b6f1a20-jpgrendition.jpg?im=whresize&wid=200&hei=200,,0370732,037-0732-2,Il n’en reste que 1 #037-0732-2,Liquidation◊,55.7,"19,93","44,99"
47,"Huntsville, ON","Leurres multiespèces RedWolf, paq. 80","Leurres multiespèces RedWolf, paq. 80",6.73,"6,73 $",14.99,"Était±  14,99 $prix était 14,99 $",6.73,"6,73 $",6.73,"6,73 $",true,https://www.canadiantire.ca/fr/pdp/leurres-multiespeces-redwolf-paq-80-0777780p.html,https://www.canadiantire.ca/fr/pdp/leurres-multiespeces-redwolf-paq-80-0777780p.html,https://media-www.canadiantire.ca/product/playing/fishing/fishing-lures/0777780/red-wolf-all-species-kit-80-piece--00c62f34-d294-4d0e-8aaf-a3d393322bf0-jpgrendition.jpg?im=whresize&wid=200&hei=200,https://media-www.canadiantire.ca/product/playing/fishing/fishing-lures/0777780/red-wolf-all-species-kit-80-piece--00c62f34-d294-4d0e-8aaf-a3d393322bf0-jpgrendition.jpg?im=whresize&wid=200&hei=200,,0777780,077-7780-8,Il n’en reste que 1 #077-7780-8,Liquidation◊Exclusivité,55.1,"6,73","14,99"
47,"Huntsville, ON","Pierre de meulage Mastercraft, cylindrique grossier","Pierre de meulage Mastercraft, cylindrique grossier",3.49,"3,49 $",8.99,"Était±  8,99 $prix était 8,99 $",3.49,"3,49 $",3.49,"3,49 $",true,https://www.canadiantire.ca/fr/pdp/pierre-de-meulage-mastercraft-cylindrique-grossier-0544881p.html,https://www.canadiantire.ca/fr/pdp/pierre-de-meulage-mastercraft-cylindrique-grossier-0544881p.html,https://media-www.canadiantire.ca/product/fixing/tools/power-tool-accessories/0544881/grinding-stone-cylinder-coarse-77f1ab3a-9e01-40ec-86e0-43577ec8e23c-jpgrendition.jpg?im=whresize&wid=200&hei=200,https://media-www.canadiantire.ca/product/fixing/tools/power-tool-accessories/0544881/grinding-stone-cylinder-coarse-77f1ab3a-9e01-40ec-86e0-43577ec8e23c-jpgrendition.jpg?im=whresize&wid=200&hei=200,,0544881,054-4881-0,Il n’en reste que 6 #054-4881-0,Liquidation◊Exclusivité,61.18,"3,49","8,99"
47,"Huntsville, ON","Ensemble de lumières Rock Innovation à DEL RVB Custom Accessories, ens. 4","Ensemble de lumières Rock Innovation à DEL RVB Custom Accessories, ens. 4",69.93,"69,93 $",149.99,"Était±  149,99 $prix était 149,99 $",69.93,"69,93 $",69.93,"69,93 $",true,https://www.canadiantire.ca/fr/pdp/ensemble-de-lumieres-rock-innovation-a-del-rvb-custom-accessories-ens-4-0372962p.html,https://www.canadiantire.ca/fr/pdp/ensemble-de-lumieres-rock-innovation-a-del-rvb-custom-accessories-ens-4-0372962p.html,https://media-www.canadiantire.ca/product/automotive/car-care-accessories/auto-accessories/0372962/led-innovation-4pod-rgb-exterior-rock-light-kit-80bbb68a-e415-4d3e-b027-f9a477547dde-jpgrendition.jpg?im=whresize&wid=200&hei=200,https://media-www.canadiantire.ca/product/automotive/car-care-accessories/auto-accessories/0372962/led-innovation-4pod-rgb-exterior-rock-light-kit-80bbb68a-e415-4d3e-b027-f9a477547dde-jpgrendition.jpg?im=whresize&wid=200&hei=200,,0372962,037-2962-2,Il n’en reste que 1 #037-2962-2,Liquidation◊,53.38,"69,93","149,99"
47,"Huntsville, ON",Connecteur côté véhicule à 7 lames en plastique Hopkins,Connecteur côté véhicule à 7 lames en plastique Hopkins,9.93,"9,93 $",19.99,"Était±  19,99 $prix était 19,99 $",9.93,"9,93 $",9.93,"9,93 $",true,https://www.canadiantire.ca/fr/pdp/connecteur-cote-vehicule-a-7-lames-en-plastique-hopkins-1407220p.html,https://www.canadiantire.ca/fr/pdp/connecteur-cote-vehicule-a-7-lames-en-plastique-hopkins-1407220p.html,https://media-www.canadiantire.ca/product/automotive/automotive-outdoor-adventure/auto-travel-storage/1407220/hopkins-7-blade-vehicle-side-plug-plastic--b2a687c7-181b-4008-b4c4-728d0f0d9a16-jpgrendition.jpg?im=whresize&wid=200&hei=200,https://media-www.canadiantire.ca/product/automotive/automotive-outdoor-adventure/auto-travel-storage/1407220/hopkins-7-blade-vehicle-side-plug-plastic--b2a687c7-181b-4008-b4c4-728d0f0d9a16-jpgrendition.jpg?im=whresize&wid=200&hei=200,,1407220,140-7220-0,Il n’en reste que 1 #140-7220-0,Liquidation◊,50.33,"9,93","19,99"
47,"Huntsville, ON",Lampe à DEL pour porte-gobelet avec télécommande,Lampe à DEL pour porte-gobelet avec télécommande,11.93,"11,93 $",23.99,"Était±  23,99 $prix était 23,99 $",11.93,"11,93 $",11.93,"11,93 $",true,https://www.canadiantire.ca/fr/pdp/lampe-a-del-pour-porte-gobelet-avec-telecommande-0370728p.html,https://www.canadiantire.ca/fr/pdp/lampe-a-del-pour-porte-gobelet-avec-telecommande-0370728p.html,https://media-www.canadiantire.ca/product/automotive/car-care-accessories/auto-accessories/0370728/multi-color-led-ultra-bright-cup-holder-with-remote-c6b4f083-c225-4b87-a725-fa203b8c129b-jpgrendition.jpg?im=whresize&wid=200&hei=200,https://media-www.canadiantire.ca/product/automotive/car-care-accessories/auto-accessories/0370728/multi-color-led-ultra-bright-cup-holder-with-remote-c6b4f083-c225-4b87-a725-fa203b8c129b-jpgrendition.jpg?im=whresize&wid=200&hei=200,,0370728,037-0728-4,Il n’en reste que 1 #037-0728-4,Liquidation◊,50.27,"11,93","23,99"
47,"Huntsville, ON","Ballon en aluminium satiné, père Noël, blanc/rouge, 28 po, gonflement à l'hélium et ruban inclus, pour Noël","Ballon en aluminium satiné, père Noël, blanc/rouge, 28 po, gonflement à l'hélium et ruban inclus, pour Noël",6.93,"6,93 $",16.99,"Était±  16,99 $prix était 16,99 $",6.93,"6,93 $",6.93,"6,93 $",true,https://www.canadiantire.ca/fr/pdp/ballon-en-aluminium-satine-pere-noel-blanc-rouge-28-po-gonflement-a-l-helium-et-ruban-inclus-pour-noel-8542242p.html,https://www.canadiantire.ca/fr/pdp/ballon-en-aluminium-satine-pere-noel-blanc-rouge-28-po-gonflement-a-l-helium-et-ruban-inclus-pour-noel-8542242p.html,https://media-www.canadiantire.ca/product/seasonal-gardening/party-city-everyday/party-city-party-supplies-decor/8542242/c33-smiley-satin-santa-head-balloon-32c944a2-9460-47c2-93c0-67d3ca74503d-jpgrendition.jpg?im=whresize&wid=200&hei=200,https://media-www.canadiantire.ca/product/seasonal-gardening/party-city-everyday/party-city-party-supplies-decor/8542242/c33-smiley-satin-santa-head-balloon-32c944a2-9460-47c2-93c0-67d3ca74503d-jpgrendition.jpg?im=whresize&wid=200&hei=200,,8542242,854-2242-0,Il n’en reste que 4 #854-2242-0,Liquidation◊Hélium compris,59.21,"6,93","16,99"
47,"Huntsville, ON",Filtre rinçable primaire Hoover,Filtre rinçable primaire Hoover,12.93,"12,93 $",27.99,"Était±  27,99 $prix était 27,99 $",12.93,"12,93 $",12.93,"12,93 $",true,https://www.canadiantire.ca/fr/pdp/filtre-rincable-primaire-hoover-0439458p.html,https://www.canadiantire.ca/fr/pdp/filtre-rincable-primaire-hoover-0439458p.html,https://media-www.canadiantire.ca/product/living/cleaning/vacuums-and-floorcare/0439458/hoover-reusable-upright-pre-motor-filter-6f7e61a6-e08e-406a-986c-562bf9504271-jpgrendition.jpg?im=whresize&wid=200&hei=200,https://media-www.canadiantire.ca/product/living/cleaning/vacuums-and-floorcare/0439458/hoover-reusable-upright-pre-motor-filter-6f7e61a6-e08e-406a-986c-562bf9504271-jpgrendition.jpg?im=whresize&wid=200&hei=200,,0439458,043-9458-6,Il n’en reste que 2 #043-9458-6,Liquidation◊Mieux notés,53.8,"12,93","27,99"
47,"Huntsville, ON",Plaque universelle à bornes Laser 62201,Plaque universelle à bornes Laser 62201,3.93,"3,93 $",12.99,"Était±  12,99 $prix était 12,99 $",3.93,"3,93 $",3.93,"3,93 $",true,https://www.canadiantire.ca/fr/pdp/plaque-universelle-a-bornes-laser-62201-0522517p.html,https://www.canadiantire.ca/fr/pdp/plaque-universelle-a-bornes-laser-62201-0522517p.html,https://media-www.canadiantire.ca/product/fixing/electrical/rough-electrical/0522517/terminal-block-kit-keyhole-4c039614-6472-4b15-beff-6585b16bcaf3-jpgrendition.jpg?im=whresize&wid=200&hei=200,https://media-www.canadiantire.ca/product/fixing/electrical/rough-electrical/0522517/terminal-block-kit-keyhole-4c039614-6472-4b15-beff-6585b16bcaf3-jpgrendition.jpg?im=whresize&wid=200&hei=200,,0522517,052-2517-6,Il n’en reste que 1 #052-2517-6,Liquidation◊,69.75,"3,93","12,99"
47,"Huntsville, ON","Dandinette à appât vivant Xcalibur, lever de soleil, 1/4 oz","Dandinette à appât vivant Xcalibur, lever de soleil, 1/4 oz",2.43,"2,43 $",5.99,"Était±  5,99 $prix était 5,99 $",2.43,"2,43 $",2.43,"2,43 $",true,https://www.canadiantire.ca/fr/pdp/dandinette-a-appat-vivant-xcalibur-lever-de-soleil-1-4-oz-0773787p.html,https://www.canadiantire.ca/fr/pdp/dandinette-a-appat-vivant-xcalibur-lever-de-soleil-1-4-oz-0773787p.html,https://media-www.canadiantire.ca/product/playing/fishing/fishing-lures/0773787/matzuo-live-bait-jig-sunrise-1-4-03da0ca9-fe20-4c05-ada4-912478528960-jpgrendition.jpg?im=whresize&wid=200&hei=200,https://media-www.canadiantire.ca/product/playing/fishing/fishing-lures/0773787/matzuo-live-bait-jig-sunrise-1-4-03da0ca9-fe20-4c05-ada4-912478528960-jpgrendition.jpg?im=whresize&wid=200&hei=200,,0773787,077-3787-8,Il n’en reste que 1 #077-3787-8,Liquidation◊Mieux notés,59.43,"2,43","5,99"
47,"Huntsville, ON","Manuel de réparation automobile Haynes, Volvo Séries 240 1976 à 1993, 97020","Manuel de réparation automobile Haynes, Volvo Séries 240 1976 à 1993, 97020",1.73,"1,73 $",32.99,"Était±  32,99 $prix était 32,99 $",1.73,"1,73 $",1.73,"1,73 $",true,https://www.canadiantire.ca/fr/pdp/manuel-de-reparation-automobile-haynes-volvo-series-240-1976-a-1993-97020-0259070p.html,https://www.canadiantire.ca/fr/pdp/manuel-de-reparation-automobile-haynes-volvo-series-240-1976-a-1993-97020-0259070p.html,https://media-www.canadiantire.ca/product/automotive/auto-maintenance/auto-shop-equipment-supplies/0259070/97020-volvo-240-series-76-93-dd094396-3d29-4620-9373-586c19847e8d-jpgrendition.jpg?im=whresize&wid=200&hei=200,https://media-www.canadiantire.ca/product/automotive/auto-maintenance/auto-shop-equipment-supplies/0259070/97020-volvo-240-series-76-93-dd094396-3d29-4620-9373-586c19847e8d-jpgrendition.jpg?im=whresize&wid=200&hei=200,,0259070,025-9070-0,Il n’en reste que 1 #025-9070-0,Liquidation◊,94.76,"1,73","32,99"
